 ```syntax
 show databases;
 ```

| Database           |
|:-------------------|
| case_when          |
| constraints        |
| fwsa_batch2        |
| information_schema |
| jerusheya          |
| mysql              |
| performance_schema |
| project            |
| school             |
| sys                |
| tcl                |
| views              |

###### 12 rows in set (0.00 sec)

```syntax
use case_when;
```

###### Database changed

```syntax
show tables;
```

| Tables_in_case_when |
|:--------------------|
| Customers           |

###### 1 row in set (0.00 sec)

```syntax
use views;
```

###### Database changed

```syntax
show tables;
```

| Tables_in_views |
|:----------------|
| Batch_users     |
| Batch_users_1   |
| Batches         |
| Courses         |
| user            |

###### 5 rows in set (0.01 sec)

```syntax
ALTER TABLE Batch_users RENAME Batch_courses1;
```

###### Query OK, 0 rows affected (0.04 sec)

```syntax
show tables;
```

| Tables_in_views |
|:----------------|
| Batch_courses1  |
| Batch_users_1   |
| Batches         |
| Courses         |
| user            |

###### 5 rows in set (0.01 sec)

```syntax
desc Batch_users_1;
```

| Field    | Type    | Null | Key | Default | Extra          |
|:---------|:--------|:-----|:----|:--------|:---------------|
| id       | tinyint | NO   | PRI | NULL    | auto_increment |
| Batch_id | tinyint | YES  | MUL | NULL    |                |
| user_id  | tinyint | YES  | MUL | NULL    |                |

###### 3 rows in set (0.01 sec)

```syntax
INSERT INTO Batch_users_1 (Batch_id,user_id) VALUES ('1','1'),('1','2'),('1','2');
```

###### Query OK, 3 rows affected (0.00 sec)
###### Records: 3  Duplicates: 0  Warnings: 0

```syntax
desc Batch_courses1;
```

| Field    | Type    | Null | Key | Default | Extra          |
|:---------|:--------|:-----|:----|:--------|:---------------|
| id       | tinyint | NO   | PRI | NULL    | auto_increment |
| Batch_id | tinyint | YES  | MUL | NULL    |                |
| user_id  | tinyint | YES  | MUL | NULL    |                |

###### 3 rows in set (0.00 sec)

```syntax
ALTER TABLE Batch_courses1 RENAME COLUMN user_id TO course_id;
```

###### Query OK, 0 rows affected (0.04 sec)
###### Records: 0  Duplicates: 0  Warnings: 0

```syntax
INSERT INTO Batch_courses1 (Batch_id,course_id) VALUES ('1','3'),('2','1'),('2','2'),('2','3');
```

###### Query OK, 4 rows affected (0.01 sec)
###### Records: 4  Duplicates: 0  Warnings: 0

```syntax
select * from Batch_users_1;
```

| id | Batch_id | user_id |
|:---|:---------|:--------|
|  1 |        1 |       1 |
|  2 |        1 |       2 |
|  3 |        1 |       2 |

###### 3 rows in set (0.00 sec)

```syntax
select * from Batch_courses1;
```

| id | Batch_id | course_id |
|:---|:---------|:----------|
|  1 |        1 |         3 |
|  2 |        2 |         1 |
|  3 |        2 |         2 |
|  4 |        2 |         3 |

###### 4 rows in set (0.00 sec)

```syntax
show tables;
```

| Tables_in_views |
|:----------------|
| Batch_courses1  |
| Batch_users_1   |
| Batches         |
| Courses         |
| user            |

###### 5 rows in set (0.01 sec)

```syntax
select * from Batches;
```

| id | name   |
|:---|:-------|
|  1 | batch1 |
|  2 | batch2 |

###### 2 rows in set (0.01 sec)

```syntax
select * from Courses;
```

| id | name |
|:---|:-----|
|  1 | HTML |
|  2 | CSS  |
|  3 | JS   |

###### 3 rows in set (0.00 sec)

```syntax
select * from user;
```

| id | name  |
|:---|:------|
|  1 | Surya |
|  2 | Dhaya |

###### 2 rows in set (0.00 sec)

```syntax
SELECT user.id,Batches.name,Batches.name FROM user INNER JOIN Batches;
```

| id | name   | name   |
|:---|:-------|:-------|
|  2 | batch1 | batch1 |
|  1 | batch1 | batch1 |
|  2 | batch2 | batch2 |
|  1 | batch2 | batch2 |

###### 4 rows in set (0.00 sec)

```syntax
SELECT user.id,user.name,Batches.name FROM user INNER JOIN Batches;
```

| id | name  | name   |
|:---|:------|:-------|
|  2 | Dhaya | batch1 |
|  1 | Surya | batch1 |
|  2 | Dhaya | batch2 |
|  1 | Surya | batch2 |

###### 4 rows in set (0.00 sec)

```syntax
SELECT user.id,user.name,Batches.name FROM user INNER JOIN Batches where user.id=Batches.id;
```

| id | name  | name   |
|:---|:------|:-------|
|  1 | Surya | batch1 |
|  2 | Dhaya | batch2 |

###### 2 rows in set (0.00 sec)

```syntax
insert into Batches (name) values ('Batch2');
```

###### Query OK, 1 row affected (0.01 sec)

```syntax
insert into user (name) values ('Surya');
```

###### Query OK, 1 row affected (0.01 sec)

### 1st:

```syntax
SELECT user.id,user.name AS username,Batches.name AS batch_name FROM user INNER JOIN Batches where user.id=Batches.id;
```

| id | username | batch_name |
|:---|:---------|:-----------|
|  1 | Surya    | batch1     |
|  2 | Dhaya    | batch2     |
|  3 | Surya    | Batch2     |

###### 3 rows in set (0.00 sec)

### 2nd: 

```syntax
SELECT Courses.id,Courses.name AS course_name,Batches.name AS batch_name FROM Courses INNER JOIN Batches where Courses.id=Batches.id;
```

| id | course_name | batch_name |
|:---|:------------|:-----------|
|  1 | HTML        | batch1     |
|  2 | CSS         | batch2     |
|  3 | JS          | Batch2     |

###### 3 rows in set (0.00 sec)

```syntax
SELECT Courses.id,user.name AS username,Batches.name AS batch_name FROM user JOIN Batches ON user.id=Batches.id JOIN Courses ON Courses.id=Batches.id;
```

| id | username | batch_name |
|:---|:---------|:-----------|
|  1 | Surya    | batch1     |
|  2 | Dhaya    | batch2     |
|  3 | Surya    | Batch2     |

###### 3 rows in set (0.00 sec)

```syntax
SELECT user.id,Courses.name AS course_name,Batches.name AS batch_name FROM user JOIN Courses where Courses.id=user.id;
```

```syntax
INSERT INTO user (name) VALUES ('jerusheya'),('abisha'),('ruy');
```

###### Query OK, 3 rows affected (0.02 sec)
###### Records: 3  Duplicates: 0  Warnings: 0

```syntax
INSERT INTO Batches (name) VALUES ('batch1'),('batch1'),('batch1');
```

###### Query OK, 3 rows affected (0.01 sec)
###### Records: 3  Duplicates: 0  Warnings: 0

```syntax
INSERT INTO Courses (name) VALUES ('HTML'),('HTML'),('HTML');
```

###### Query OK, 3 rows affected (0.01 sec)
###### Records: 3  Duplicates: 0  Warnings: 0

```syntax
select * from user;
```

| id | name      |
|:---|:----------|
|  1 | Surya     |
|  2 | Dhaya     |
|  3 | Surya     |
|  4 | jerusheya |
|  5 | abisha    |
|  6 | ruy       |

###### 6 rows in set (0.00 sec)

```syntax
select * from Batches;
```

| id | name   |
|:---|:-------|
|  1 | batch1 |
|  2 | batch2 |
|  3 | Batch2 |
|  4 | batch1 |
|  5 | batch1 |
|  6 | batch1 |

###### 6 rows in set (0.00 sec)

```syntax
select * from Courses;
```

| id | name |
|:---|:-----|
|  1 | HTML |
|  2 | CSS  |
|  3 | JS   |
|  4 | HTML |
|  5 | HTML |
|  6 | HTML |

###### 6 rows in set (0.00 sec)

```syntax
select Courses.id AS course_id,Courses.name AS course_name,Batches.id AS batch_id,Batches.name AS batch_name,user.id AS users_id,user.name AS users_name FROM user JOIN Batches ON user.id=Batches.id JOIN Courses ON user.id=Courses.id WHERE Courses.name in (select Courses.name FROM Courses where Courses.name='HTML') AND Batches.name in (select Batches.name FROM Batches WHERE Batches.name='batch1');
```

| course_id | course_name | batch_id | batch_name | users_id | users_name |
|:----------|:------------|:---------|:-----------|:---------|:-----------+
|         1 | HTML        |        1 | batch1     |        1 | Surya      |
|         4 | HTML        |        4 | batch1     |        4 | jerusheya  |
|         5 | HTML        |        5 | batch1     |        5 | abisha     |
|         6 | HTML        |        6 | batch1     |        6 | ruy        |

###### 4 rows in set (0.00 sec)

```syntax
select Courses.id AS course_id,Courses.name AS course_name,Batches.id AS batch_id,Batches.name AS batch_name,user.id AS users_id,user.name AS users_name FROM user JOIN Batches ON user.id=Batches.id JOIN Courses ON user.id=Courses.id WHERE Courses.name='HTML' AND Batches.name='batch1';
```
| course_id | course_name | batch_id | batch_name | users_id | users_name |
|:----------|:------------|:---------|:-----------|:---------|:-----------|
|         1 | HTML        |        1 | batch1     |        1 | Surya      |
|         4 | HTML        |        4 | batch1     |        4 | jerusheya  |
|         5 | HTML        |        5 | batch1     |        5 | abisha     |
|         6 | HTML        |        6 | batch1     |        6 | ruy        |

###### 4 rows in set (0.00 sec)

```syntax
SELECT DISTINCT user.name AS username,Courses.name AS course_name FROM user,Courses WHERE Courses.name='HTML';
```

| username  | course_name |
|:----------|:------------|
| Surya     | HTML        |
| Dhaya     | HTML        |
| jerusheya | HTML        |
| abisha    | HTML        |
| ruy       | HTML        |

###### 5 rows in set (0.00 sec)


